"icustay_id","vasonum","starttime","endtime","duration_hours","starttime_h","endtime_h"
"201077","1","2126/2/4 14:15:00","2126/2/4 21:35:00","7.33333333333333","64.1","71.5"
"201077","2","2126/2/7 17:48:00","2126/2/8 00:07:00","6.31666666666667","139.7","146.0"
